tiempo,paso,n_part
0.05,0.05,0
0.157,0.107,0
0.183,0.026,0
0.206,0.023,0
0.226,0.02,0
0.24399999,0.018,0
0.264,0.02,0
0.284,0.02,0
0.307,0.023,0
0.32500002,0.018,0
0.34600002,0.021,0
0.36400002,0.018,0
0.38600004,0.022,0
0.40700004,0.021,0
0.42800003,0.021,0
0.44600004,0.018,0
0.46600005,0.02,0
0.48600006,0.02,0
0.50600004,0.02,0
0.52500004,0.019,0
0.54600006,0.021,0
0.56400007,0.018,0
0.5860001,0.022,0
0.6040001,0.018,0
0.6250001,0.021,0
0.6450001,0.02,0
0.6650001,0.02,0
0.68500006,0.02,0
0.70400006,0.019,0
0.72400004,0.02,0
0.744,0.02,0
0.764,0.02,0
0.785,0.021,0
0.805,0.02,0
0.827,0.022,0
0.845,0.018,0
0.86600006,0.021,0
0.8870001,0.021,0
0.9060001,0.019,0
0.9240001,0.018,0
0.94400007,0.02,0
0.96400005,0.02,0
0.98600006,0.022,0
1.0050001,0.019,0
1.0260001,0.021,0
1.0470002,0.021,0
1.0660002,0.019,1
1.0890002,0.023,1
1.1070002,0.018,1
1.1290002,0.022,1
1.1470002,0.018,1
1.1710002,0.024,1
1.1890002,0.018,1
1.2080003,0.019,1
1.2280003,0.02,1
1.2480003,0.02,1
1.2690003,0.021,1
1.2890003,0.02,1
1.3090003,0.02,1
1.3280003,0.019,1
1.3480003,0.02,1
1.3680003,0.02,1
1.3880002,0.02,1
1.4090003,0.021,1
1.4280003,0.019,1
1.4480003,0.02,1
1.4680003,0.02,1
1.4880003,0.02,1
1.5090003,0.021,1
1.5290003,0.02,1
1.5490003,0.02,1
1.5670003,0.018,1
1.5870003,0.02,1
1.6080003,0.021,1
1.6290003,0.021,1
1.6470003,0.018,1
1.6680003,0.021,1
1.6900003,0.022,1
1.7090003,0.019,1
1.7270004,0.018,1
1.7480004,0.021,1
1.7680004,0.02,1
1.7880003,0.02,1
1.8100003,0.022,1
1.8290004,0.019,1
1.8500004,0.021,1
1.8690004,0.019,1
1.8890004,0.02,50
1.9100004,0.021,50
1.9380004,0.028,50
1.9480004,0.01,50
1.9680004,0.02,50
1.9890004,0.021,50
2.0080004,0.019,50
2.0280004,0.02,50
2.0480003,0.02,50
2.0690002,0.021,50
2.0870001,0.018,50
2.108,0.021,50
2.128,0.02,50
2.148,0.02,50
2.167,0.019,50
2.187,0.02,50
2.208,0.021,50
2.228,0.02,50
2.248,0.02,50
2.268,0.02,50
2.2879999,0.02,50
2.31,0.022,50
2.3279998,0.018,50
2.3479998,0.02,50
2.37,0.022,50
2.3879998,0.018,50
2.4079998,0.02,50
2.4279997,0.02,50
2.4489996,0.021,50
2.4679997,0.019,50
2.4869998,0.019,50
2.5089998,0.022,0
2.5279999,0.019,0
2.5479999,0.02,0
2.5679998,0.02,0
2.587,0.019,0
2.6079998,0.021,0
2.6289997,0.021,0
2.6479998,0.019,0
2.6679997,0.02,0
2.6889997,0.021,0
2.7089996,0.02,0
2.7279997,0.019,0
2.7479997,0.02,0
2.7689996,0.021,1
2.7899995,0.021,1
2.8079994,0.018,1
2.8289993,0.021,1
2.8479993,0.019,1
2.8689992,0.021,1
2.8889992,0.02,1
2.906999,0.018,1
2.927999,0.021,1
2.948999,0.021,1
2.967999,0.019,1
2.989999,0.022,1
3.010999,0.021,1
3.026999,0.016,1
3.050999,0.024,1
3.070999,0.02,1
3.0889988,0.018,1
3.1079988,0.019,1
3.1279988,0.02,1
3.1479988,0.02,1
3.1689987,0.021,1
3.1919987,0.023,1
3.2089987,0.017,1
3.2279987,0.019,1
3.2499988,0.022,1
3.2679987,0.018,1
3.2879987,0.02,1
3.3069987,0.019,1
3.3269987,0.02,1
3.3509986,0.024,1
3.3679986,0.017,1
3.3869987,0.019,1
3.4069986,0.02,1
3.4279985,0.021,1
3.4489985,0.021,1
3.4689984,0.02,1
3.4879985,0.019,1
3.5109985,0.023,1
3.5299985,0.019,1
3.5499985,0.02,1
3.5669985,0.017,1
3.5869985,0.02,50
3.6079984,0.021,50
3.6279984,0.02,50
3.6489983,0.021,50
3.6689982,0.02,50
3.6909983,0.022,50
3.7099984,0.019,50
3.7299984,0.02,50
3.7479982,0.018,50
3.7689981,0.021,50
3.789998,0.021,50
3.809998,0.02,50
3.828998,0.019,50
3.849998,0.021,50
3.867998,0.018,50
3.8889978,0.021,50
3.9079978,0.019,50
3.9289978,0.021,50
3.9489977,0.02,50
3.9679978,0.019,50
3.9899979,0.022,50
4.007998,0.018,50
4.027998,0.02,50
4.048998,0.021,50
4.067998,0.019,50
4.088998,0.021,50
4.107998,0.019,50
4.128998,0.021,50
4.147998,0.019,50
4.166998,0.019,50
4.187998,0.021,50
4.207998,0.02,0
4.226998,0.019,0
4.2479978,0.021,0
4.2689977,0.021,0
4.286998,0.018,0
4.310998,0.024,0
4.328998,0.018,0
4.348998,0.02,0
4.367998,0.019,0
4.388998,0.021,0
4.407998,0.019,0
4.427998,0.02,0
4.447998,0.02,0
4.467998,0.02,0
4.487998,0.02,0
4.507998,0.02,0
4.528998,0.021,0
4.548998,0.02,0
4.566998,0.018,0
4.587998,0.021,0
4.608998,0.021,0
4.6299977,0.021,0
4.647998,0.018,0
4.666998,0.019,0
4.6889977,0.022,0
4.7089977,0.02,0
4.7289977,0.02,0
4.7499976,0.021,0
4.7689977,0.019,0
4.7889977,0.02,0
4.8079977,0.019,0
4.8279977,0.02,0
4.8479977,0.02,0
4.8689976,0.021,0
4.8889976,0.02,0
4.9069977,0.018,0
4.9299974,0.023,0
4.9479976,0.018,0
4.9689975,0.021,0
4.9899974,0.021,0
5.0109973,0.021,0
5.0299973,0.019,0
5.0489974,0.019,0
5.0689974,0.02,0
5.0879974,0.019,0
5.1089973,0.021,0
5.1279974,0.019,0
5.1479974,0.02,0
5.169997,0.022,0
5.1889973,0.019,0
5.2089972,0.02,0
5.229997,0.021,0
5.2479973,0.018,0
5.2679973,0.02,0
5.2879972,0.02,0
5.308997,0.021,0
5.328997,0.02,0
5.348997,0.02,0
5.3669972,0.018,0
5.388997,0.022,0
5.407997,0.019,0
5.427997,0.02,0
5.448997,0.021,0
5.467997,0.019,0
5.488997,0.021,0
5.509997,0.021,0
5.527997,0.018,0
5.547997,0.02,0
5.568997,0.021,0
5.589997,0.021,0
5.609997,0.02,0
5.627997,0.018,0
5.647997,0.02,0
5.666997,0.019,0
5.687997,0.021,0
5.707997,0.02,0
5.727997,0.02,0
5.747997,0.02,0
5.767997,0.02,0
5.787997,0.02,0
5.8089967,0.021,0
5.8279967,0.019,0
5.8499966,0.022,0
5.8689966,0.019,0
5.8879967,0.019,0
5.9079967,0.02,0
5.9279966,0.02,0
5.9479966,0.02,0
5.9679966,0.02,0
5.9879966,0.02,0
6.0099964,0.022,0
6.0279965,0.018,0
6.0479965,0.02,0
6.0689964,0.021,0
6.0889964,0.02,0
6.1079965,0.019,0
6.1279964,0.02,0
6.1479964,0.02,0
6.1679964,0.02,0
6.1879964,0.02,0
6.210996,0.023,0
6.2279963,0.017,0
6.2489963,0.021,0
6.2679963,0.019,0
6.289996,0.022,0
6.3079963,0.018,0
6.328996,0.021,0
6.347996,0.019,0
6.369996,0.022,0
6.387996,0.018,0
6.410996,0.023,0
6.429996,0.019,0
6.447996,0.018,0
6.467996,0.02,0
6.487996,0.02,0
6.507996,0.02,0
6.526996,0.019,0
6.548996,0.022,0
6.568996,0.02,0
6.587996,0.019,0
6.607996,0.02,0
6.627996,0.02,0
6.648996,0.021,0
6.667996,0.019,0
6.688996,0.021,0
6.708996,0.02,0
6.727996,0.019,0
6.747996,0.02,0
6.7699957,0.022,0
6.7899957,0.02,0
6.8099957,0.02,0
6.8289957,0.019,0
6.8509955,0.022,1
6.8689957,0.018,1
6.8879957,0.019,1
6.9079957,0.02,1
6.9279957,0.02,1
6.9489956,0.021,1
6.9699955,0.021,1
6.9909954,0.021,1
7.0079956,0.017,1
7.0289955,0.021,1
7.0489955,0.02,1
7.0689955,0.02,1
7.0899954,0.021,1
7.1089954,0.019,1
7.1289954,0.02,1
7.1489954,0.02,1
7.1689954,0.02,1
7.1879954,0.019,1
7.2099953,0.022,1
7.2299953,0.02,1
7.2479954,0.018,1
7.2689953,0.021,1
7.289995,0.021,1
7.309995,0.02,2
7.3269954,0.017,2
7.349995,0.023,2
7.3679953,0.018,2
7.3879952,0.02,2
7.407995,0.02,2
7.427995,0.02,2
7.448995,0.021,2
7.468995,0.02,2
7.488995,0.02,2
7.509995,0.021,2
7.529995,0.02,2
7.547995,0.018,2
7.569995,0.022,2
7.588995,0.019,2
7.608995,0.02,2
7.628995,0.02,2
7.647995,0.019,2
7.666995,0.019,51
7.689995,0.023,51
7.7109947,0.021,51
7.728995,0.018,51
7.747995,0.019,51
7.768995,0.021,51
7.788995,0.02,51
7.807995,0.019,51
7.827995,0.02,51
7.8489947,0.021,51
7.867995,0.019,51
7.887995,0.02,51
7.9079947,0.02,51
7.9289947,0.021,51
7.9479947,0.019,51
7.9679947,0.02,51
7.9909945,0.023,51
8.007995,0.017,51
8.027995,0.02,51
8.047996,0.02,51
8.067996,0.02,51
8.0879965,0.02,51
8.107997,0.02,51
8.128997,0.021,100
8.147997,0.019,100
8.167997,0.02,100
8.189998,0.022,100
8.208998,0.019,100
8.227998,0.019,100
8.246998,0.019,100
8.267998,0.021,100
8.288998,0.021,50
8.307998,0.019,50
8.327998,0.02,50
8.348998,0.021,50
8.370998,0.022,50
8.387999,0.017,50
8.407999,0.02,50
8.4279995,0.02,50
8.45,0.022,50
8.467,0.017,50
8.487,0.02,50
8.51,0.023,50
8.528,0.018,50
8.549,0.021,50
8.57,0.021,50
8.589,0.019,50
8.608,0.019,50
8.628,0.02,50
8.650001,0.022,50
8.668,0.018,50
8.689,0.021,50
8.709001,0.02,50
8.729001,0.02,50
8.748001,0.019,0
8.770001,0.022,0
8.788001,0.018,0
8.8080015,0.02,0
8.828002,0.02,0
8.848002,0.02,0
8.871002,0.023,0
8.888002,0.017,0
8.910003,0.022,0
8.928002,0.018,0
8.948003,0.02,0
8.967003,0.019,0
8.988003,0.021,0
9.008003,0.02,0
9.031003,0.023,0
9.049003,0.018,0
9.068003,0.019,0
9.089003,0.021,0
9.109003,0.02,0
9.128003,0.019,0
9.148004,0.02,0
9.171003,0.023,0
9.190003,0.019,0
9.209003,0.019,0
9.229004,0.02,0
9.248004,0.019,0
9.268004,0.02,0
9.288005,0.02,0
9.308005,0.02,0
9.328006,0.02,0
9.349006,0.021,0
9.368006,0.019,0
9.388006,0.02,0
9.408007,0.02,0
9.428007,0.02,0
9.449007,0.021,0
9.4690075,0.02,0
9.487007,0.018,0
9.508007,0.021,0
9.529007,0.021,0
9.550007,0.021,0
9.571007,0.021,0
9.589006,0.018,0
9.609007,0.02,0
9.629007,0.02,0
9.649008,0.02,0
9.669008,0.02,0
9.688008,0.019,0
9.708009,0.02,0
9.728009,0.02,0
9.749009,0.021,0
9.76901,0.02,0
9.78901,0.02,0
9.8090105,0.02,0
9.828011,0.019,0
9.848011,0.02,0
9.869011,0.021,0
9.889011,0.02,0
9.908011,0.019,0
9.928012,0.02,0
9.949012,0.021,0
9.970012,0.021,0
9.988011,0.018,0
10.010012,0.022,0
10.028011,0.018,0
10.048012,0.02,0
10.070012,0.022,0
10.088012,0.018,0
10.108012,0.02,0
10.129012,0.021,0
10.150012,0.021,0
10.168012,0.018,0
10.188012,0.02,0
10.210012,0.022,0
10.230013,0.02,0
10.248013,0.018,0
10.268013,0.02,0
10.290013,0.022,0
10.310014,0.02,0
10.330014,0.02,0
10.351014,0.021,0
10.369014,0.018,0
10.390014,0.021,0
10.408013,0.018,0
10.429013,0.021,0
10.450013,0.021,0
10.468013,0.018,0
10.489013,0.021,0
10.510013,0.021,0
10.529013,0.019,0
10.548013,0.019,0
10.567013,0.019,0
10.589013,0.022,0
10.610013,0.021,0
10.631013,0.021,0
10.650013,0.019,0
10.670013,0.02,0
10.6890135,0.019,0
10.708014,0.019,0
10.728014,0.02,0
10.749014,0.021,0
10.768014,0.019,0
10.787014,0.019,0
10.809014,0.022,0
10.828014,0.019,0
10.848015,0.02,0
10.869015,0.021,0
10.890015,0.021,0
10.908014,0.018,0
10.931014,0.023,0
10.948014,0.017,0
10.969014,0.021,0
10.989015,0.02,0
11.008015,0.019,0
11.028015,0.02,0
11.049015,0.021,0
11.068015,0.019,0
11.089015,0.021,0
11.109015,0.02,0
11.130015,0.021,0
11.151015,0.021,0
11.1680155,0.017,0
11.191015,0.023,0
11.209015,0.018,0
11.229015,0.02,0
11.248015,0.019,0
11.270016,0.022,0
11.288015,0.018,0
11.309015,0.021,0
11.329016,0.02,0
11.351016,0.022,0
11.3710165,0.02,0
11.388017,0.017,0
11.409017,0.021,0
11.429017,0.02,0
11.448017,0.019,0
11.470017,0.022,0
11.488017,0.018,0
11.509017,0.021,0
11.529017,0.02,0
11.553018,0.024,0
11.569017,0.016,0
11.588017,0.019,0
11.609017,0.021,0
11.629018,0.02,0
11.648018,0.019,0
11.668018,0.02,0
11.689018,0.021,0
11.709019,0.02,0
11.728019,0.019,0
11.750019,0.022,0
11.768019,0.018,0
11.790019,0.022,0
11.809019,0.019,0
11.828019,0.019,0
11.84802,0.02,0
11.87202,0.024,0
11.88802,0.016,0
11.91002,0.022,0
11.92802,0.018,1
11.94802,0.02,1
11.96902,0.021,1
11.99002,0.021,1
12.01102,0.021,1
12.03002,0.019,1
12.05002,0.02,1
12.06902,0.019,1
12.09002,0.021,1
12.10902,0.019,1
12.129021,0.02,1
12.148021,0.019,1
12.168021,0.02,1
12.189021,0.021,1
12.209022,0.02,1
12.229022,0.02,1
12.248022,0.019,1
12.269022,0.021,2
12.289022,0.02,2
12.310022,0.021,2
12.331022,0.021,2
12.349022,0.018,2
12.369022,0.02,2
12.389023,0.02,2
12.409023,0.02,2
12.428023,0.019,2
12.448024,0.02,2
12.469024,0.021,2
12.488024,0.019,2
12.508024,0.02,2
12.528025,0.02,3
12.549025,0.021,3
12.568025,0.019,3
12.592025,0.024,3
12.609025,0.017,3
12.629025,0.02,3
12.649026,0.02,3
12.668026,0.019,3
12.688026,0.02,3
12.708027,0.02,3
12.730027,0.022,3
12.749027,0.019,52
12.770027,0.021,52
12.788027,0.018,52
12.808027,0.02,52
12.828028,0.02,52
12.848028,0.02,52
12.8700285,0.022,52
12.887029,0.017,52
12.910028,0.023,52
12.9290285,0.019,52
12.950028,0.021,52
12.970029,0.02,52
12.988029,0.018,52
13.011028,0.023,52
13.031029,0.02,52
13.048029,0.017,52
13.070029,0.022,52
13.089029,0.019,101
13.110029,0.021,101
13.129029,0.019,101
13.14903,0.02,101
13.16903,0.02,101
13.18803,0.019,101
13.20903,0.021,101
13.22803,0.019,101
13.25103,0.023,101
13.26803,0.017,101
13.2900305,0.022,101
13.30803,0.018,101
13.32903,0.021,101
13.3490305,0.02,150
13.368031,0.019,100
13.388031,0.02,100
13.408031,0.02,100
13.429031,0.021,100
13.448031,0.019,100
13.470032,0.022,100
13.488031,0.018,100
13.510032,0.022,100
13.529032,0.019,100
13.549032,0.02,100
13.569033,0.02,100
13.588033,0.019,100
13.608033,0.02,100
13.628034,0.02,100
13.648034,0.02,100
13.670034,0.022,100
13.690035,0.02,100
13.7080345,0.018,50
13.730035,0.022,50
13.749035,0.019,50
13.770035,0.021,50
13.789035,0.019,50
13.810035,0.021,50
13.828034,0.018,50
13.849034,0.021,50
13.868034,0.019,50
13.890035,0.022,50
13.910035,0.02,50
13.931035,0.021,50
13.948035,0.017,50
13.970036,0.022,0
13.990036,0.02,0
14.008036,0.018,0
14.028036,0.02,0
14.050036,0.022,0
14.0690365,0.019,0
14.088037,0.019,0
14.109036,0.021,0
14.1280365,0.019,0
14.150037,0.022,0
14.168036,0.018,0
14.188037,0.02,0
14.209037,0.021,0
14.228037,0.019,0
14.250037,0.022,0
14.268037,0.018,0
14.289037,0.021,0
14.308037,0.019,0
14.328037,0.02,0
14.348038,0.02,0
14.370038,0.022,0
14.388038,0.018,0
14.408038,0.02,0
14.428039,0.02,0
14.448039,0.02,0
14.4680395,0.02,0
14.48804,0.02,0
14.50804,0.02,0
14.528041,0.02,0
14.548041,0.02,0
14.568042,0.02,0
14.588042,0.02,0
14.608043,0.02,0
14.630043,0.022,0
14.649043,0.019,0
14.670043,0.021,0
14.690043,0.02,0
14.711043,0.021,0
14.728044,0.017,0
14.748044,0.02,0
14.768044,0.02,0
14.789044,0.021,0
14.809045,0.02,0
14.830045,0.021,0
14.849045,0.019,0
14.869045,0.02,0
14.890045,0.021,0
14.909045,0.019,0
14.929046,0.02,0
14.949046,0.02,0
14.969047,0.02,0
14.988047,0.019,0
15.008047,0.02,0
15.028048,0.02,1
15.049047,0.021,1
15.070047,0.021,1
15.088047,0.018,1
15.109047,0.021,1
15.128047,0.019,1
15.148047,0.02,1
15.169047,0.021,1
15.190047,0.021,1
15.208047,0.018,1
15.229047,0.021,1
15.248047,0.019,1
15.271047,0.023,1
15.290047,0.019,1
15.308046,0.018,2
15.328047,0.02,2
15.349047,0.021,2
15.369047,0.02,2
15.388047,0.019,2
15.410048,0.022,2
15.430048,0.02,2
15.447048,0.017,2
15.470048,0.023,2
15.489048,0.019,2
15.511048,0.022,2
15.5280485,0.017,3
15.551048,0.023,3
15.5680485,0.017,3
15.588049,0.02,3
15.610049,0.022,3
15.629049,0.019,3
15.648049,0.019,3
15.669049,0.021,3
15.690049,0.021,3
15.708049,0.018,3
15.728049,0.02,3
15.75005,0.022,3
15.768049,0.018,3
15.78805,0.02,3
15.81005,0.022,3
15.83105,0.021,3
15.85105,0.02,52
15.868051,0.017,52
15.888051,0.02,52
15.9080515,0.02,52
15.928052,0.02,52
15.949052,0.021,52
15.968052,0.019,52
15.988052,0.02,52
16.009052,0.021,52
16.031052,0.022,52
16.049051,0.018,52
16.069052,0.02,52
16.090052,0.021,52
16.108051,0.018,52
16.128052,0.02,101
16.149052,0.021,101
16.16805,0.019,101
16.188051,0.02,101
16.208052,0.02,101
16.229052,0.021,101
16.24805,0.019,101
16.26905,0.021,101
16.28805,0.019,101
16.30905,0.021,101
16.328049,0.019,101
16.35105,0.023,150
16.37205,0.021,150
16.398048,0.026,150
16.409048,0.011,150
16.429049,0.02,150
16.449049,0.02,150
16.468048,0.019,100
16.488049,0.02,100
16.51105,0.023,100
16.529049,0.018,100
16.548048,0.019,100
16.570047,0.022,100
16.588047,0.018,100
16.609047,0.021,100
16.629047,0.02,100
16.648046,0.019,100
16.668047,0.02,100
16.689047,0.021,100
16.708046,0.019,100
16.729046,0.021,100
16.749046,0.02,50
16.770046,0.021,50
16.788046,0.018,50
16.810045,0.022,50
16.828045,0.018,50
16.849045,0.021,50
16.868044,0.019,50
16.889044,0.021,50
16.909044,0.02,50
16.929045,0.02,50
16.949045,0.02,50
16.968044,0.019,0
16.990044,0.022,0
17.009043,0.019,0
17.030043,0.021,0
17.048042,0.018,0
17.069042,0.021,0
17.088041,0.019,0
17.109041,0.021,0
17.129042,0.02,0
17.149042,0.02,0
17.168041,0.019,0
17.19004,0.022,0
17.20904,0.019,0
17.22904,0.02,0
17.25004,0.021,0
17.26804,0.018,0
17.28804,0.02,0
17.30804,0.02,0
17.328041,0.02,0
17.351042,0.023,0
17.369041,0.018,0
17.389042,0.02,0
17.408041,0.019,0
17.431042,0.023,0
17.449041,0.018,1
17.47104,0.022,1
17.48804,0.017,1
17.50904,0.021,1
17.53004,0.021,1
17.54904,0.019,1
17.56904,0.02,1
17.58904,0.02,1
17.60804,0.019,2
17.62904,0.021,2
17.64904,0.02,2
17.66804,0.019,2
17.68904,0.021,2
17.70904,0.02,2
17.73004,0.021,2
17.75004,0.02,3
17.76804,0.018,3
17.79104,0.023,3
17.80804,0.017,3
17.83204,0.024,3
17.848042,0.016,3
17.87004,0.022,3
17.890041,0.02,3
17.90904,0.019,3
17.92804,0.019,3
17.94904,0.021,3
17.96904,0.02,3
17.988039,0.019,3
18.00804,0.02,3
18.02804,0.02,3
18.04904,0.021,3
18.07004,0.021,3
18.08804,0.018,3
18.10804,0.02,3
18.12804,0.02,3
18.14904,0.021,3
18.17104,0.022,3
18.18904,0.018,3
18.208038,0.019,3
18.228039,0.02,3
18.249039,0.021,3
18.271038,0.022,52
18.288038,0.017,52
18.310038,0.022,52
18.328037,0.018,52
18.349037,0.021,52
18.369038,0.02,52
18.388037,0.019,52
18.408037,0.02,52
18.429037,0.021,101
18.449038,0.02,101
18.469038,0.02,101
18.490038,0.021,101
18.509037,0.019,101
18.529037,0.02,101
18.549038,0.02,101
18.569038,0.02,150
18.588037,0.019,150
18.608038,0.02,150
18.628038,0.02,150
18.648039,0.02,150
18.66804,0.02,150
18.69204,0.024,150
18.72204,0.03,150
18.72804,0.006,150
18.75004,0.022,150
18.77004,0.02,150
18.78904,0.019,150
18.81004,0.021,150
18.83004,0.02,150
18.85104,0.021,150
18.86904,0.018,150
18.891039,0.022,100
18.909039,0.018,100
18.930038,0.021,100
18.949038,0.019,100
18.969038,0.02,100
18.989038,0.02,100
19.010038,0.021,100
19.030039,0.02,100
19.05004,0.02,50
19.069038,0.019,50
19.089039,0.02,50
19.10904,0.02,50
19.12904,0.02,50
19.14904,0.02,50
19.17004,0.021,50
19.18904,0.019,0
19.20904,0.02,0
19.23004,0.021,0
19.25104,0.021,0
19.26904,0.018,0
19.28904,0.02,0
19.30904,0.02,0
19.32904,0.02,0
19.349041,0.02,0
19.372042,0.023,0
19.389042,0.017,0
19.410042,0.021,0
19.42904,0.019,0
19.45104,0.022,0
19.46904,0.018,0
19.48904,0.02,0
19.50904,0.02,0
19.53004,0.021,0
19.54904,0.019,0
19.56904,0.02,0
19.58904,0.02,0
19.61104,0.022,0
19.63004,0.019,0
19.649038,0.019,0
19.670038,0.021,0
19.691038,0.021,0
19.710037,0.019,0
19.729036,0.019,0
19.751036,0.022,0
19.771036,0.02,0
19.789036,0.018,0
19.812037,0.023,0
19.830036,0.018,0
19.849035,0.019,0
19.869036,0.02,0
19.889036,0.02,0
19.909037,0.02,0
19.931036,0.022,0
19.951036,0.02,0
19.972036,0.021,0
19.989037,0.017,0
20.012037,0.023,0
20.029037,0.017,0
20.049038,0.02,0
20.072039,0.023,0
20.090038,0.018,0
20.110039,0.02,0
20.13004,0.02,0
20.15004,0.02,0
20.169039,0.019,0
20.18904,0.02,0
20.21204,0.023,0
20.22904,0.017,0
20.24904,0.02,0
20.27104,0.022,0
20.28904,0.018,0
20.31004,0.021,0
20.329039,0.019,0
20.350039,0.021,0
20.371038,0.021,0
20.389038,0.018,0
20.409039,0.02,0
20.429039,0.02,0
20.44904,0.02,0
20.46904,0.02,0
20.48904,0.02,0
20.51004,0.021,0
20.52904,0.019,0
20.55004,0.021,0
20.569038,0.019,0
20.591038,0.022,0
20.610037,0.019,0
20.630037,0.02,0
20.649036,0.019,0
20.669037,0.02,0
20.689037,0.02,0
20.709038,0.02,0
20.733038,0.024,0
20.750038,0.017,0
20.771038,0.021,0
20.791039,0.02,0
20.809038,0.018,0
20.831038,0.022,0
20.851038,0.02,0
20.869038,0.018,0
20.891037,0.022,0
20.910036,0.019,0
20.930037,0.02,0
20.951036,0.021,0
20.970036,0.019,0
20.989035,0.019,0
21.009035,0.02,0
21.032036,0.023,0
21.049036,0.017,0
21.070036,0.021,0
21.089035,0.019,0
21.109035,0.02,0
21.129036,0.02,0
21.151035,0.022,0
21.169035,0.018,0
21.189035,0.02,0
21.209036,0.02,0
21.230036,0.021,0
21.249035,0.019,0
21.270035,0.021,0
21.289034,0.019,0
21.311033,0.022,0
21.330032,0.019,0
21.352032,0.022,0
21.370031,0.018,0
21.38903,0.019,0
21.41003,0.021,0
21.43103,0.021,0
21.44903,0.018,0
21.46903,0.02,0
21.492031,0.023,0
21.51103,0.019,0
21.53003,0.019,0
21.55003,0.02,0
21.57003,0.02,0
21.58903,0.019,0
21.60903,0.02,0
21.62903,0.02,0
21.64903,0.02,0
21.669031,0.02,0
21.690031,0.021,0
21.70903,0.019,0
21.73003,0.021,0
21.74903,0.019,0
21.76903,0.02,0
21.78903,0.02,0
21.81003,0.021,0
21.83003,0.02,0
21.84903,0.019,0
21.86903,0.02,0
21.89103,0.022,0
21.909029,0.018,0
21.93203,0.023,0
21.94903,0.017,0
21.96903,0.02,0
21.99003,0.021,0
22.01203,0.022,0
22.03003,0.018,50
22.049028,0.019,50
22.070028,0.021,50
22.090029,0.02,50
22.109028,0.019,50
22.131027,0.022,50
22.151028,0.02,50
22.170027,0.019,50
22.190027,0.02,50
22.211027,0.021,50
22.230026,0.019,50
22.250027,0.02,50
22.271027,0.021,50
22.291027,0.02,50
22.310026,0.019,50
22.330027,0.02,50
22.349026,0.019,50
22.369026,0.02,50
22.389027,0.02,50
22.410027,0.021,50
22.430027,0.02,50
22.449026,0.019,50
22.470026,0.021,50
22.489025,0.019,50
22.509026,0.02,50
22.533026,0.024,50
22.551025,0.018,50
22.570024,0.019,50
22.589024,0.019,50
22.612024,0.023,50
22.630024,0.018,50
22.649023,0.019,50
22.670023,0.021,50
22.689022,0.019,50
22.710022,0.021,50
22.731022,0.021,50
22.750021,0.019,50
22.76902,0.019,50
22.78902,0.02,50
22.81102,0.022,50
22.830019,0.019,50
22.85002,0.02,2500
22.87102,0.021,2500
22.89802,0.027,2500
22.92602,0.028,2500
22.95102,0.025,2500
22.976019,0.025,2500
23.001019,0.025,2500
23.026018,0.025,2500
23.051018,0.025,2500
23.077017,0.026,2500
23.102016,0.025,2500
23.128016,0.026,2500
23.154015,0.026,2500
23.180014,0.026,2500
23.205013,0.025,2500
23.231012,0.026,2500
23.256012,0.025,2500
23.282011,0.026,2500
23.30701,0.025,2500
23.33201,0.025,2500
23.35901,0.027,2500
23.38501,0.026,2500
23.41001,0.025,2500
23.436008,0.026,2500
23.460009,0.024,2500
23.484009,0.024,2500
23.508009,0.024,2500
23.53101,0.023,2500
23.553009,0.022,2500
23.57601,0.023,2500
23.59601,0.02,2500
23.61901,0.023,0
23.636011,0.017,0
23.659012,0.023,0
23.67801,0.019,0
23.69701,0.019,0
23.71701,0.02,0
23.740011,0.023,0
23.757011,0.017,0
23.778011,0.021,0
23.798012,0.02,0
23.821012,0.023,0
23.838013,0.017,0
23.859013,0.021,0
23.878012,0.019,0
23.901012,0.023,0
23.918013,0.017,0
23.938013,0.02,0
23.958014,0.02,0
23.979013,0.021,0
23.998013,0.019,0
24.018013,0.02,0
24.038013,0.02,0
24.058014,0.02,0
24.077013,0.019,0
24.098013,0.021,0
24.121014,0.023,0
24.139013,0.018,0
24.159014,0.02,0
24.178013,0.019,0
24.199013,0.021,0
24.218012,0.019,0
24.238012,0.02,0
24.258013,0.02,0
24.278013,0.02,0
24.302013,0.024,0
24.318014,0.016,0
24.338015,0.02,0
24.358015,0.02,0
24.378016,0.02,0
24.398016,0.02,0
24.418016,0.02,0
24.439016,0.021,0
24.460016,0.021,0
24.478016,0.018,0
24.498016,0.02,0
24.518017,0.02,0
24.539017,0.021,0
24.560017,0.021,0
24.581017,0.021,0
24.599016,0.018,0
24.619017,0.02,0
24.639017,0.02,0
24.659018,0.02,0
24.680017,0.021,0
24.698017,0.018,0
24.718018,0.02,0
24.738018,0.02,0
24.758018,0.02,0
24.778019,0.02,0
24.797018,0.019,0
24.817019,0.02,0
24.84002,0.023,0
24.859018,0.019,0
24.880018,0.021,0
24.900019,0.02,0
24.92002,0.02,0
24.94102,0.021,0
24.959019,0.018,0
24.978018,0.019,0
24.998018,0.02,0
25.018019,0.02,0
25.03802,0.02,0
25.05902,0.021,0
25.078018,0.019,0
25.100018,0.022,0
25.118017,0.018,0
25.139017,0.021,0
25.159018,0.02,0
25.179018,0.02,0
25.200018,0.021,0
25.219017,0.019,0
25.239017,0.02,0
25.261017,0.022,0
25.280016,0.019,0
25.301016,0.021,0
25.318016,0.017,0
25.338017,0.02,0
25.358017,0.02,0
25.380016,0.022,0
25.399015,0.019,0
25.419016,0.02,50
25.437016,0.018,50
25.461016,0.024,50
25.478016,0.017,50
25.499016,0.021,50
25.520016,0.021,50
25.539015,0.019,50
25.559015,0.02,50
25.579016,0.02,50
25.601015,0.022,100
25.618015,0.017,100
25.640015,0.022,100
25.658014,0.018,100
25.679014,0.021,100
25.700014,0.021,100
25.720015,0.02,100
25.740015,0.02,100
25.759014,0.019,150
25.779015,0.02,150
25.799015,0.02,150
25.818014,0.019,150
25.838015,0.02,150
25.858015,0.02,150
25.878016,0.02,150
25.898016,0.02,150
25.918016,0.02,150
25.939016,0.021,150
25.959017,0.02,150
25.979017,0.02,150
25.998016,0.019,150
26.018017,0.02,150
26.039017,0.021,150
26.058016,0.019,150
26.081017,0.023,150
26.104017,0.023,150
26.118017,0.014,150
26.138018,0.02,150
26.158018,0.02,150
26.178019,0.02,150
26.200018,0.022,150
26.218018,0.018,150
26.238018,0.02,2600
26.261019,0.023,2600
26.279018,0.018,2600
26.298018,0.019,2600
26.323017,0.025,2600
26.338017,0.015,2600
26.357016,0.019,2600
26.378016,0.021,2600
26.397015,0.019,2600
26.418015,0.021,5050
26.438015,0.02,5050
26.469015,0.031,5050
26.500015,0.031,5050